{"cameraMode":{"drawMode":0,"name":"Shaded","section":"Shading Mode"},"sceneLighting":false,"audioPlay":false,"sceneViewState":{"m_AlwaysRefresh":false,"showFog":true,"showSkybox":false,"showFlares":true,"showImageEffects":true,"showParticleSystems":true,"showVisualEffectGraphs":true,"m_FxEnabled":true},"in2DMode":false,"pivot":{"x":0.12536075711250306,"y":1.6864309310913087,"z":1.5327534675598145},"rotation":{"x":-0.23710951209068299,"y":0.009625637903809548,"z":-0.002346679335460067,"w":-0.9714459776878357},"size":2.1172282695770265,"orthographic":false}