{"cameraMode":{"drawMode":0,"name":"Shaded","section":"Shading Mode"},"sceneLighting":false,"audioPlay":false,"sceneViewState":{"m_AlwaysRefresh":false,"showFog":true,"showSkybox":false,"showFlares":true,"showImageEffects":true,"showParticleSystems":true,"showVisualEffectGraphs":true,"m_FxEnabled":true},"in2DMode":false,"pivot":{"x":0.3665773272514343,"y":0.009761810302734375,"z":-0.5161069631576538},"rotation":{"x":0.4343089163303375,"y":-0.01872752606868744,"z":0.009042180143296719,"w":0.9005260467529297},"size":0.9702154397964478,"orthographic":false}