{"cameraMode":{"drawMode":0,"name":"Shaded","section":"Shading Mode"},"sceneLighting":false,"audioPlay":false,"sceneViewState":{"m_AlwaysRefresh":false,"showFog":true,"showSkybox":false,"showFlares":true,"showImageEffects":true,"showParticleSystems":true,"showVisualEffectGraphs":true,"m_FxEnabled":true},"in2DMode":false,"pivot":{"x":-0.03985410928726196,"y":0.28180503845214846,"z":0.11150920391082764},"rotation":{"x":0.17671750485897065,"y":-0.051647767424583438,"z":0.00928617175668478,"w":0.9828630089759827},"size":0.7228311896324158,"orthographic":false}