{"cameraMode":{"drawMode":0,"name":"Shaded","section":"Shading Mode"},"sceneLighting":false,"audioPlay":false,"sceneViewState":{"m_AlwaysRefresh":false,"showFog":true,"showSkybox":false,"showFlares":true,"showImageEffects":true,"showParticleSystems":true,"showVisualEffectGraphs":true,"m_FxEnabled":true},"in2DMode":false,"pivot":{"x":-0.528842031955719,"y":-0.30246639251708987,"z":2.674480438232422},"rotation":{"x":0.6953315138816834,"y":-0.004312065429985523,"z":0.004172086715698242,"w":0.7186653017997742},"size":2.7548272609710695,"orthographic":false}