{"cameraMode":{"drawMode":0,"name":"Shaded","section":"Shading Mode"},"sceneLighting":false,"audioPlay":false,"sceneViewState":{"m_AlwaysRefresh":false,"showFog":true,"showSkybox":false,"showFlares":true,"showImageEffects":true,"showParticleSystems":true,"showVisualEffectGraphs":true,"m_FxEnabled":true},"in2DMode":false,"pivot":{"x":28.020509719848634,"y":7.164827346801758,"z":61.00002670288086},"rotation":{"x":-0.3383512496948242,"y":0.06008025258779526,"z":-0.021656403318047525,"w":-0.9388572573661804},"size":0.8660253882408142,"orthographic":false}